<project xmlns="http://maven.apache.org/DECORATION/1.6.0"
    xmlns:xsi="http://www.w3.org/2001/XMLSchema-instance"
    xsi:schemaLocation="http://maven.apache.org/DECORATION/1.6.0
        http://maven.apache.org/xsd/decoration-1.6.0.xsd">
    <skin>
        <groupId>org.apache.maven.skins</groupId>
        <artifactId>maven-fluido-skin</artifactId>
        <version>1.9</version>
    </skin>
    <body>
        <menu ref="parent" inherit="top" />
        <menu ref="modules" inherit="top" />
        <menu ref="reports" inherit="top" />
    </body>
    <custom>
        <fluidoSkin>
            <topBarEnabled>true</topBarEnabled>
            <sideBarEnabled>true</sideBarEnabled>
            <sourceLineNumbersEnabled>true</sourceLineNumbersEnabled>
            <copyrightClass>pull-right</copyrightClass>
        </fluidoSkin>
    </custom>
</project>
